{
  "model_info": {
    "name": "CliniScan Chest X-ray Classification Model",
    "architecture": "EfficientNet-B3",
    "task": "Binary Classification (Abnormal vs Normal)",
    "training_date": "2025-11-23T17:59:13.569548",
    "total_epochs": 6,
    "best_epoch": 6,
    "total_parameters": 10699306,
    "input_size": "512x512",
    "framework": "PyTorch + timm"
  },
  "final_metrics": {
    "accuracy": 95.36666666666666,
    "precision": 0.9626517273576097,
    "recall": 0.9721829325789721,
    "specificity": 0.9089874857792947,
    "f1_score": 0.9673938540933614,
    "auc_roc": 0.9878011691954177,
    "npv": 0.9312354312354313,
    "ppv": 0.9626517273576097
  },
  "confusion_matrix": {
    "true_negative": 799,
    "false_positive": 80,
    "false_negative": 59,
    "true_positive": 2062,
    "matrix": [
      [
        799,
        80
      ],
      [
        59,
        2062
      ]
    ]
  },
  "dataset_info": {
    "total_train_images": 12000,
    "total_val_images": 3000,
    "classes": [
      "Abnormal",
      "Normal"
    ]
  }
}